Lucas Alves;alves@gmail.com;8598782668
Lucas Alves;alves@gmail.com;8598782668
Lucas Alves;alves@gmail.com;8598782668
Lucas Alves;alves@gmail.com;8598782668
Lucas Alves;alves@gmail.com;8598782668
Lucas Alves;alves@gmail.com;8598782668
Lucas Alves;alves@gmail.com;8598782668
Lucas Alves;alves@gmail.com;8598782668
Lucas Alves;alves@gmail.com;8598782668
Lucas Alves;alves@gmail.com;8598782668
Lucas Alves;alves@gmail.com;8598782668
Lucas Alves;alves@gmail.com;8598782668
Lucas Alves;alves@gmail.com;8598782668
Alves;lucas_alves-07@hotmail.com;821
Lucas Alves;alves@gmail.com;8598782668
Lucas Alves;alves@gmail.com;8598782668
